merchant_name,category,target_price,price_category,price_min,price_max,alamat,lat,lng,link
"330 Kopi, Ciledug",Kopi/Minuman/Roti,20000,Menengah,15000,37000,"330 Kopi, Ciledug, Jakarta",-6.238135,106.7169005,https://www.google.com/maps/search/?api=1&query=330%20Kopi%2C%20Ciledug%2C%20Jakarta
"Abe Steak, Cibubur",Aneka nasi/Minuman/Barat,18000,Murah,5000,165000,"Abe Steak, Cibubur, Jakarta",-6.3560872,106.879792,https://www.google.com/maps/search/?api=1&query=Abe%20Steak%2C%20Cibubur%2C%20Jakarta
"Abuba Steak, Cikarang",Barat,28600,Menengah,13200,352000,"Abuba Steak, Cikarang, Jakarta",-6.1944491,106.8229198,https://www.google.com/maps/search/?api=1&query=Abuba%20Steak%2C%20Cikarang%2C%20Jakarta
Aneka Gorengan Siaga,Jajanan/Minuman,5000,Murah,1500,20000,"Aneka Gorengan Siaga, Jakarta",-6.2740447,106.8397722,https://www.google.com/maps/search/?api=1&query=Aneka%20Gorengan%20Siaga%2C%20Jakarta
Arangsimpur,Chinese,30250,Mahal,6000,48000,"Arangsimpur, Jakarta",-6.2401595,106.6511254,https://www.google.com/maps/search/?api=1&query=Arangsimpur%2C%20Jakarta
Ayam Trolok,Aneka nasi/Ayam & bebek/Seafood,6000,Murah,4000,100000,"Ayam Trolok, Jakarta",-6.1944491,106.8229198,https://www.google.com/maps/search/?api=1&query=Ayam%20Trolok%2C%20Jakarta
BABAKARAN BUNDA DAFA,Minuman/Jajanan/Martabak,15000,Murah,6000,25000,"BABAKARAN BUNDA DAFA, Jakarta",-6.1403727,106.8324398,https://www.google.com/maps/search/?api=1&query=BABAKARAN%20BUNDA%20DAFA%2C%20Jakarta
"Bakerman, SCBD",Roti/Minuman/Jajanan,69600,Mahal,12700,626200,"Bakerman, SCBD, Jakarta",-6.2286275,106.8069192,https://www.google.com/maps/search/?api=1&query=Bakerman%2C%20SCBD%2C%20Jakarta
Bakmi Kun,Ayam & bebek/Bakmie/Cepat saji,27500,Menengah,8000,300000,"Bakmi Kun, Jakarta",-6.270742,106.8124935,https://www.google.com/maps/search/?api=1&query=Bakmi%20Kun%2C%20Jakarta
Bakmi Lopui 93,Bakmie/Chinese/Minuman,30000,Menengah,15000,30000,"Bakmi Lopui 93, Jakarta",-6.152886,106.8133414,https://www.google.com/maps/search/?api=1&query=Bakmi%20Lopui%2093%2C%20Jakarta
"Bakso Titoti, Parung",Bakso & soto/Minuman,10000,Murah,2000,45000,"Bakso Titoti, Parung, Jakarta",-6.441407,106.7329699,https://www.google.com/maps/search/?api=1&query=Bakso%20Titoti%2C%20Parung%2C%20Jakarta
"Banzai!, Bogor Utara",Cepat saji/Aneka nasi/Jepang,46000,Mahal,500,149980,"Banzai!, Bogor Utara, Jakarta",-6.1944491,106.8229198,https://www.google.com/maps/search/?api=1&query=Banzai%21%2C%20Bogor%20Utara%2C%20Jakarta
"Bebek Boedjang, BSD",Seafood/Aneka nasi/Ayam & bebek,22975,Menengah,2500,39263,"Bebek Boedjang, BSD, Jakarta",-6.3249464,106.6840245,https://www.google.com/maps/search/?api=1&query=Bebek%20Boedjang%2C%20BSD%2C%20Jakarta
"Boonsikdang, Hublife Jakarta",Korea/Minuman/Jajanan,26400,Menengah,19800,397320,"Boonsikdang, Hublife Jakarta, Jakarta",-6.1944491,106.8229198,https://www.google.com/maps/search/?api=1&query=Boonsikdang%2C%20Hublife%20Jakarta%2C%20Jakarta
"Bunga Bakery, Cibinong",Roti,56500,Mahal,2000,212500,"Bunga Bakery, Cibinong, Jakarta",-6.4852077,106.8170532,https://www.google.com/maps/search/?api=1&query=Bunga%20Bakery%2C%20Cibinong%2C%20Jakarta
"Bunga Bakery, Depok",Roti,8275,Murah,2500,212500,"Bunga Bakery, Depok, Jakarta",-6.4044371,106.8415169,https://www.google.com/maps/search/?api=1&query=Bunga%20Bakery%2C%20Depok%2C%20Jakarta
"Burger Bros, Bintaro",Ayam & bebek/Jajanan/Barat/Cepat saji,29990,Menengah,500,158940,"Burger Bros, Bintaro, Jakarta",-6.2181052,106.756779,https://www.google.com/maps/search/?api=1&query=Burger%20Bros%2C%20Bintaro%2C%20Jakarta
"Burger Bros, Bintaro",Jajanan/Barat/Cepat saji/Ayam & bebek,29990,Menengah,500,158940,"Burger Bros, Bintaro, Jakarta",-6.2181052,106.756779,https://www.google.com/maps/search/?api=1&query=Burger%20Bros%2C%20Bintaro%2C%20Jakarta
"Burger Bros, Ciledug",Ayam & bebek/Barat/Minuman/Cepat saji,27490,Menengah,500,158940,"Burger Bros, Ciledug, Jakarta",-6.2417271,106.7023326,https://www.google.com/maps/search/?api=1&query=Burger%20Bros%2C%20Ciledug%2C%20Jakarta
Burger Naura,Jajanan/Cepat saji/Bakso & soto,15000,Murah,5000,70000,"Burger Naura, Jakarta",-6.217074,106.9121849,https://www.google.com/maps/search/?api=1&query=Burger%20Naura%2C%20Jakarta
C7HomeCoffee,Jajanan/Kopi/Minuman,20000,Menengah,8000,30000,"C7HomeCoffee, Jakarta",-6.2120534,106.8557712,https://www.google.com/maps/search/?api=1&query=C7HomeCoffee%2C%20Jakarta
CIATER BEACH,Barat/Seafood/Aneka nasi,38094,Mahal,11500,109250,"CIATER BEACH, Jakarta",-6.328959,106.6975953,https://www.google.com/maps/search/?api=1&query=CIATER%20BEACH%2C%20Jakarta
Cafe OTSS,Cepat saji/Kopi/Aneka nasi,40000,Mahal,15000,110000,"Cafe OTSS, Jakarta",-6.2507078,106.7979131,https://www.google.com/maps/search/?api=1&query=Cafe%20OTSS%2C%20Jakarta
Cake Pandeglang Cake,Roti,90000,Mahal,3800,165000,"Cake Pandeglang Cake, Jakarta",-6.202979,106.8347944,https://www.google.com/maps/search/?api=1&query=Cake%20Pandeglang%20Cake%2C%20Jakarta
"Chateraise, Senayan City",Jajanan/Kopi,37500,Mahal,17500,675000,"Chateraise, Senayan City, Jakarta",-6.2277852,106.7966375,https://www.google.com/maps/search/?api=1&query=Chateraise%2C%20Senayan%20City%2C%20Jakarta
"Cimory Condet, Balekambang",Minuman/Jajanan/Sweets,9500,Murah,3500,25000,"Cimory Condet, Balekambang, Jakarta",-6.2816507,106.8551704,https://www.google.com/maps/search/?api=1&query=Cimory%20Condet%2C%20Balekambang%2C%20Jakarta
"Cimory Condet, Balekambang",Sweets/Minuman/Jajanan,9500,Murah,3500,25000,"Cimory Condet, Balekambang, Jakarta",-6.2816507,106.8551704,https://www.google.com/maps/search/?api=1&query=Cimory%20Condet%2C%20Balekambang%2C%20Jakarta
"Cinepolis, Pondok Kelapa",Jajanan,57200,Mahal,27000,104500,"Cinepolis, Pondok Kelapa, Jakarta",-6.23999,106.9348105,https://www.google.com/maps/search/?api=1&query=Cinepolis%2C%20Pondok%20Kelapa%2C%20Jakarta
Coffee First,Minuman/Jajanan/Kopi,30000,Menengah,21000,60000,"Coffee First, Jakarta",-6.1944491,106.8229198,https://www.google.com/maps/search/?api=1&query=Coffee%20First%2C%20Jakarta
"Corndog Doona, Pinang",Jajanan/Sweets,20000,Menengah,9000,35000,"Corndog Doona, Pinang, Jakarta",-6.2226388,106.6920099,https://www.google.com/maps/search/?api=1&query=Corndog%20Doona%2C%20Pinang%2C%20Jakarta
Corndog Mozarella,Jajanan,15000,Murah,3000,18000,"Corndog Mozarella, Jakarta",-6.1639007,106.7328428,https://www.google.com/maps/search/?api=1&query=Corndog%20Mozarella%2C%20Jakarta
"Cotta Coffee, Jatiwaringin",Cepat saji/Kopi/Minuman,25000,Menengah,15000,120000,"Cotta Coffee, Jatiwaringin, Jakarta",-6.2597379,106.9239746,https://www.google.com/maps/search/?api=1&query=Cotta%20Coffee%2C%20Jatiwaringin%2C%20Jakarta
Crackling,Aneka nasi/Barat/Cepat saji,50000,Mahal,6000,500000,"Crackling, Jakarta",-6.118447,106.7769758,https://www.google.com/maps/search/?api=1&query=Crackling%2C%20Jakarta
"Dapur Aliqa, Gembong",Ayam & bebek/Bakso & soto/Jajanan,19000,Menengah,7000,165000,"Dapur Aliqa, Gembong, Jakarta",-6.2207526,106.4179207,https://www.google.com/maps/search/?api=1&query=Dapur%20Aliqa%2C%20Gembong%2C%20Jakarta
"Dapur Cokelat, Cibubur",Sweets,18000,Murah,7000,425000,"Dapur Cokelat, Cibubur, Jakarta",-6.3888139,106.943016,https://www.google.com/maps/search/?api=1&query=Dapur%20Cokelat%2C%20Cibubur%2C%20Jakarta
"Dapur Cokelat, Ciputat",Sweets/Roti/Minuman,21000,Menengah,7000,425000,"Dapur Cokelat, Ciputat, Jakarta",-6.3037695,106.7542752,https://www.google.com/maps/search/?api=1&query=Dapur%20Cokelat%2C%20Ciputat%2C%20Jakarta
"Dapur Cokelat, Ciracas",Minuman/Sweets/Roti,21000,Menengah,7000,425000,"Dapur Cokelat, Ciracas, Jakarta",-6.3510347,106.8840103,https://www.google.com/maps/search/?api=1&query=Dapur%20Cokelat%2C%20Ciracas%2C%20Jakarta
"Dapur Cokelat, Depok",Sweets,18000,Murah,7000,425000,"Dapur Cokelat, Depok, Jakarta",-6.3795718,106.8378374,https://www.google.com/maps/search/?api=1&query=Dapur%20Cokelat%2C%20Depok%2C%20Jakarta
"Dear Butter, Pakubuwono",Sweets/Cepat saji/Roti,9000,Murah,8000,132750,"Dear Butter, Pakubuwono, Jakarta",-6.238702,106.786477,https://www.google.com/maps/search/?api=1&query=Dear%20Butter%2C%20Pakubuwono%2C%20Jakarta
"Dough Lab, Senopati",Sweets/Roti,63250,Mahal,33000,220000,"Dough Lab, Senopati, Jakarta",-6.2309379,106.8090195,https://www.google.com/maps/search/?api=1&query=Dough%20Lab%2C%20Senopati%2C%20Jakarta
"DuriAnd, Bogor",Jajanan/Sweets/Cepat saji,21000,Menengah,18000,674200,"DuriAnd, Bogor, Jakarta",-6.1944491,106.8229198,https://www.google.com/maps/search/?api=1&query=DuriAnd%2C%20Bogor%2C%20Jakarta
"Emados Shawarma, Condet",Ayam & bebek/Timur Tengah,35090,Mahal,6050,159000,"Emados Shawarma, Condet, Jakarta",-6.2864753,106.8555111,https://www.google.com/maps/search/?api=1&query=Emados%20Shawarma%2C%20Condet%2C%20Jakarta
"Emados Shawarma, Depok",Ayam & bebek/Timur Tengah,35090,Mahal,6050,159000,"Emados Shawarma, Depok, Jakarta",-6.3582935,106.8327992,https://www.google.com/maps/search/?api=1&query=Emados%20Shawarma%2C%20Depok%2C%20Jakarta
"Faasos, Bintaro",India/Jajanan/Timur Tengah,42990,Mahal,18990,271910,"Faasos, Bintaro, Jakarta",-6.2439191,106.7992015,https://www.google.com/maps/search/?api=1&query=Faasos%2C%20Bintaro%2C%20Jakarta
"Faasos, Blok M",Cepat saji/India/Jajanan/Timur Tengah/Aneka nasi,47990,Mahal,500,271910,"Faasos, Blok M, Jakarta",-6.1944491,106.8229198,https://www.google.com/maps/search/?api=1&query=Faasos%2C%20Blok%20M%2C%20Jakarta
"FamilyMart, Sequis Tower",Kopi/Jajanan/Aneka nasi/Minuman/Ayam & bebek,13000,Murah,500,150000,"FamilyMart, Sequis Tower, Jakarta",-6.2254569,106.8072439,https://www.google.com/maps/search/?api=1&query=FamilyMart%2C%20Sequis%20Tower%2C%20Jakarta
"FlapnJac, Setiabudi Barat",Sweets/Jajanan/Roti,18000,Murah,18000,137000,"FlapnJac, Setiabudi Barat, Jakarta",-6.2086969,106.8242098,https://www.google.com/maps/search/?api=1&query=FlapnJac%2C%20Setiabudi%20Barat%2C%20Jakarta
"Fore Coffee, Jatiwaringin",Kopi/Minuman/Cepat saji,32000,Mahal,8000,165000,"Fore Coffee, Jatiwaringin, Jakarta",-6.2759509,106.9130172,https://www.google.com/maps/search/?api=1&query=Fore%20Coffee%2C%20Jatiwaringin%2C%20Jakarta
"GUREE, Senopati",Aneka nasi/Ayam & bebek/Barat,7000,Murah,1700,850000,"GUREE, Senopati, Jakarta",-6.238992,106.8084767,https://www.google.com/maps/search/?api=1&query=GUREE%2C%20Senopati%2C%20Jakarta
Gelato House Cafe ,Minuman/Sweets/Cepat saji,24000,Menengah,5000,63250,"Gelato House Cafe , Jakarta",-6.3092515,106.8756355,https://www.google.com/maps/search/?api=1&query=Gelato%20House%20Cafe%20%2C%20Jakarta
"Genkaya, Pabuaran",Korea/Minuman/Jajanan,15000,Murah,15000,15000,"Genkaya, Pabuaran, Jakarta",-6.1944491,106.8229198,https://www.google.com/maps/search/?api=1&query=Genkaya%2C%20Pabuaran%2C%20Jakarta
"Geprek Bensu, Karawang",Ayam & bebek,13750,Murah,2750,162000,"Geprek Bensu, Karawang, Jakarta",-6.1944491,106.8229198,https://www.google.com/maps/search/?api=1&query=Geprek%20Bensu%2C%20Karawang%2C%20Jakarta
Gianni's Pizzeria,Pizza & pasta,300000,Mahal,18000,350000,"Gianni's Pizzeria, Jakarta",-6.2578125,106.8134151,https://www.google.com/maps/search/?api=1&query=Gianni%27s%20Pizzeria%2C%20Jakarta
"GoSteak, Tj Priok",Aneka nasi/Bakmie/Barat,27500,Menengah,22500,56500,"GoSteak, Tj Priok, Jakarta",-6.1239079,106.8829635,https://www.google.com/maps/search/?api=1&query=GoSteak%2C%20Tj%20Priok%2C%20Jakarta
"Golden Lamian, Jatiwaringin",Bakmie,61000,Mahal,15000,78000,"Golden Lamian, Jatiwaringin, Jakarta",-6.2724609,106.9124124,https://www.google.com/maps/search/?api=1&query=Golden%20Lamian%2C%20Jatiwaringin%2C%20Jakarta
"Greenly, Senopati",Jajanan/Sweets/Cepat saji,39000,Mahal,18000,69000,"Greenly, Senopati, Jakarta",-6.2306148,106.8112418,https://www.google.com/maps/search/?api=1&query=Greenly%2C%20Senopati%2C%20Jakarta
Groen Kopi,Minuman/Jajanan/Kopi,37500,Mahal,31250,43750,"Groen Kopi, Jakarta",-6.176246,106.8603558,https://www.google.com/maps/search/?api=1&query=Groen%20Kopi%2C%20Jakarta
Hatchi,Aneka nasi/Chinese/Jepang/Cepat saji,55000,Mahal,32000,650000,"Hatchi, Jakarta",-6.2862724,106.7807559,https://www.google.com/maps/search/?api=1&query=Hatchi%2C%20Jakarta
Hatchi,Jepang/Cepat saji/Aneka nasi/Chinese,55000,Mahal,32000,650000,"Hatchi, Jakarta",-6.2862724,106.7807559,https://www.google.com/maps/search/?api=1&query=Hatchi%2C%20Jakarta
"Hedon Cafe, Sukatani",Ayam & bebek/Jajanan/Minuman,11500,Murah,7000,53000,"Hedon Cafe, Sukatani, Jakarta",-6.1944491,106.8229198,https://www.google.com/maps/search/?api=1&query=Hedon%20Cafe%2C%20Sukatani%2C%20Jakarta
"Hey Kafe, Cipondoh",Minuman,19000,Menengah,5000,30000,"Hey Kafe, Cipondoh, Jakarta",-6.1875116,106.6613199,https://www.google.com/maps/search/?api=1&query=Hey%20Kafe%2C%20Cipondoh%2C%20Jakarta
"Hey Kafe, Jatiwaringin",Kopi,19000,Menengah,5000,30000,"Hey Kafe, Jatiwaringin, Jakarta",-6.2730676,106.9152021,https://www.google.com/maps/search/?api=1&query=Hey%20Kafe%2C%20Jatiwaringin%2C%20Jakarta
"Hoghock, Greenlake City",Sate/Chinese/Aneka nasi,17600,Murah,6050,290000,"Hoghock, Greenlake City, Jakarta",-6.1848057,106.7093213,https://www.google.com/maps/search/?api=1&query=Hoghock%2C%20Greenlake%20City%2C%20Jakarta
"HokBen, Bogor Yasmin",Jepang/Aneka nasi,22501,Menengah,9001,220000,"HokBen, Bogor Yasmin, Jakarta",-6.1944491,106.8229198,https://www.google.com/maps/search/?api=1&query=HokBen%2C%20Bogor%20Yasmin%2C%20Jakarta
"HokBen, Kitchen Otista",Cepat saji/Jepang,42000,Mahal,9001,197000,"HokBen, Kitchen Otista, Jakarta",-6.2286934,106.8670225,https://www.google.com/maps/search/?api=1&query=HokBen%2C%20Kitchen%20Otista%2C%20Jakarta
"Holland Bakery, Ciomas",Jajanan/Roti,25300,Menengah,5500,1086000,"Holland Bakery, Ciomas, Jakarta",-6.1944491,106.8229198,https://www.google.com/maps/search/?api=1&query=Holland%20Bakery%2C%20Ciomas%2C%20Jakarta
"Holland Bakery, Ciomas",Roti/Jajanan,25300,Menengah,5500,1086000,"Holland Bakery, Ciomas, Jakarta",-6.1944491,106.8229198,https://www.google.com/maps/search/?api=1&query=Holland%20Bakery%2C%20Ciomas%2C%20Jakarta
"Holywings Backyard, Kemang",Sweets/Barat/Minuman,41800,Mahal,7700,1980000,"Holywings Backyard, Kemang, Jakarta",-6.2557159,106.814161,https://www.google.com/maps/search/?api=1&query=Holywings%20Backyard%2C%20Kemang%2C%20Jakarta
ITAEWON CLASS,Korea,75000,Mahal,10000,148000,"ITAEWON CLASS, Jakarta",-6.1944491,106.8229198,https://www.google.com/maps/search/?api=1&query=ITAEWON%20CLASS%2C%20Jakarta
JACK DONUT,Roti/Jajanan,3500,Murah,3500,4000,"JACK DONUT, Jakarta",-6.3333506,106.8198783,https://www.google.com/maps/search/?api=1&query=JACK%20DONUT%2C%20Jakarta
Jakarta Cheese Factory,Roti,70000,Mahal,40000,75000,"Jakarta Cheese Factory, Jakarta",-6.2278162,106.8551481,https://www.google.com/maps/search/?api=1&query=Jakarta%20Cheese%20Factory%2C%20Jakarta
"KAMPUNG TELAGA,  Ciracas",Ayam & bebek/Seafood/Aneka nasi,72000,Mahal,4000,130000,"KAMPUNG TELAGA,  Ciracas, Jakarta",-6.3256667,106.8848457,https://www.google.com/maps/search/?api=1&query=KAMPUNG%20TELAGA%2C%20%20Ciracas%2C%20Jakarta
"KFC, Bintaro 9",Cepat saji,11750,Murah,4000,161500,"KFC, Bintaro 9, Jakarta",-6.2799621,106.7157824,https://www.google.com/maps/search/?api=1&query=KFC%2C%20Bintaro%209%2C%20Jakarta
"KFC, Ciputat Gaplek",Cepat saji,12500,Murah,4000,161500,"KFC, Ciputat Gaplek, Jakarta",-6.3466356,106.7500362,https://www.google.com/maps/search/?api=1&query=KFC%2C%20Ciputat%20Gaplek%2C%20Jakarta
"KFC, Kemang Timur",Cepat saji,12500,Murah,4000,161500,"KFC, Kemang Timur, Jakarta",-6.274204,106.821163,https://www.google.com/maps/search/?api=1&query=KFC%2C%20Kemang%20Timur%2C%20Jakarta
"KFC, Lokasari Plaza",Cepat saji,12500,Murah,4000,161500,"KFC, Lokasari Plaza, Jakarta",-6.1476334,106.8241651,https://www.google.com/maps/search/?api=1&query=KFC%2C%20Lokasari%20Plaza%2C%20Jakarta
"KFC, Tugu Puncak",Cepat saji,12500,Murah,4000,161500,"KFC, Tugu Puncak, Jakarta",-6.1944491,106.8229198,https://www.google.com/maps/search/?api=1&query=KFC%2C%20Tugu%20Puncak%2C%20Jakarta
KOPINYA KIMBOO,Minuman/Kopi,15500,Murah,6500,26000,"KOPINYA KIMBOO, Jakarta",-6.3551762,106.8332306,https://www.google.com/maps/search/?api=1&query=KOPINYA%20KIMBOO%2C%20Jakarta
Kaka Udon,Bakmie/Cepat saji/Jepang,18000,Murah,6000,35000,"Kaka Udon, Jakarta",-6.3370624,106.7389594,https://www.google.com/maps/search/?api=1&query=Kaka%20Udon%2C%20Jakarta
"Kancha, Duri Kosambi",Minuman,21000,Menengah,4000,27000,"Kancha, Duri Kosambi, Jakarta",-6.1673523,106.7241531,https://www.google.com/maps/search/?api=1&query=Kancha%2C%20Duri%20Kosambi%2C%20Jakarta
"Kebab Asap, Sunter",Cepat saji/Barat/Jajanan,15000,Murah,5000,82500,"Kebab Asap, Sunter, Jakarta",-6.1391615,106.8634279,https://www.google.com/maps/search/?api=1&query=Kebab%20Asap%2C%20Sunter%2C%20Jakarta
"Kebab Bosman, Ciputat",Jajanan,21500,Menengah,12500,109000,"Kebab Bosman, Ciputat, Jakarta",-6.2977074,106.7481654,https://www.google.com/maps/search/?api=1&query=Kebab%20Bosman%2C%20Ciputat%2C%20Jakarta
"Kebab Bosman, Gandul",Jajanan/Barat,21500,Menengah,12500,109000,"Kebab Bosman, Gandul, Jakarta",-6.3390884,106.7874259,https://www.google.com/maps/search/?api=1&query=Kebab%20Bosman%2C%20Gandul%2C%20Jakarta
Kebab Lumer,Jajanan,25000,Menengah,6000,60000,"Kebab Lumer, Jakarta",-6.3043451,106.9187465,https://www.google.com/maps/search/?api=1&query=Kebab%20Lumer%2C%20Jakarta
"Kebab Ngidam, Meruya",Cepat saji,20313,Menengah,15625,137500,"Kebab Ngidam, Meruya, Jakarta",-6.198791,106.741009,https://www.google.com/maps/search/?api=1&query=Kebab%20Ngidam%2C%20Meruya%2C%20Jakarta
"Kebon Samping, Cibinong",Ayam & bebek/Jajanan/Kopi,23000,Menengah,11000,33000,"Kebon Samping, Cibinong, Jakarta",-6.5167625,106.8254531,https://www.google.com/maps/search/?api=1&query=Kebon%20Samping%2C%20Cibinong%2C%20Jakarta
"Kebuli Jordan, Permata",Cepat saji/Minuman/Timur Tengah,12250,Murah,5000,610000,"Kebuli Jordan, Permata, Jakarta",-6.2651155,106.8614355,https://www.google.com/maps/search/?api=1&query=Kebuli%20Jordan%2C%20Permata%2C%20Jakarta
"Kebuli Jordan, Permata",Minuman/Timur Tengah/Cepat saji,12250,Murah,5000,610000,"Kebuli Jordan, Permata, Jakarta",-6.2651155,106.8614355,https://www.google.com/maps/search/?api=1&query=Kebuli%20Jordan%2C%20Permata%2C%20Jakarta
Kedai Coger Senayan,Minuman/Kopi,24000,Menengah,19200,86400,"Kedai Coger Senayan, Jakarta",-6.2878405,106.8732059,https://www.google.com/maps/search/?api=1&query=Kedai%20Coger%20Senayan%2C%20Jakarta
Kedai Santai,Minuman/Jajanan/Kopi,8000,Murah,6000,16500,"Kedai Santai, Jakarta",-6.1944491,106.8229198,https://www.google.com/maps/search/?api=1&query=Kedai%20Santai%2C%20Jakarta
"Keikpop, Ciledug",Sweets/Roti,28000,Menengah,1200,100000,"Keikpop, Ciledug, Jakarta",-6.2280575,106.7183716,https://www.google.com/maps/search/?api=1&query=Keikpop%2C%20Ciledug%2C%20Jakarta
"Keikpop, Ciputat",Sweets/Roti,40000,Mahal,1200,100000,"Keikpop, Ciputat, Jakarta",-6.3197199,106.7464075,https://www.google.com/maps/search/?api=1&query=Keikpop%2C%20Ciputat%2C%20Jakarta
"Keikpop, Harapan Indah",Sweets/Roti,40000,Mahal,1200,100000,"Keikpop, Harapan Indah, Jakarta",-6.1817524,106.9736839,https://www.google.com/maps/search/?api=1&query=Keikpop%2C%20Harapan%20Indah%2C%20Jakarta
"Keikpop, Kebon Jeruk",Sweets/Roti,40000,Mahal,1200,100000,"Keikpop, Kebon Jeruk, Jakarta",-6.2124717,106.7749405,https://www.google.com/maps/search/?api=1&query=Keikpop%2C%20Kebon%20Jeruk%2C%20Jakarta
"Keikpop, Mangga Besar",Sweets/Roti,40000,Mahal,1200,100000,"Keikpop, Mangga Besar, Jakarta",-6.1686444,106.808202,https://www.google.com/maps/search/?api=1&query=Keikpop%2C%20Mangga%20Besar%2C%20Jakarta
"Keikpop, Pajajaran Bogor",Roti/Sweets,40000,Mahal,1200,100000,"Keikpop, Pajajaran Bogor, Jakarta",-6.1944491,106.8229198,https://www.google.com/maps/search/?api=1&query=Keikpop%2C%20Pajajaran%20Bogor%2C%20Jakarta
"Keikpop, Radio Dalam",Sweets/Roti,40000,Mahal,1200,100000,"Keikpop, Radio Dalam, Jakarta",-6.2508603,106.7913791,https://www.google.com/maps/search/?api=1&query=Keikpop%2C%20Radio%20Dalam%2C%20Jakarta
Kembang Bawang PIK,Minuman/Aneka nasi,50000,Mahal,3750,62750,"Kembang Bawang PIK, Jakarta",-6.089104,106.74488,https://www.google.com/maps/search/?api=1&query=Kembang%20Bawang%20PIK%2C%20Jakarta
Kemek Nyok,Barat/Jajanan/Ayam & bebek,19000,Menengah,19000,19000,"Kemek Nyok, Jakarta",-6.3761818,106.8139749,https://www.google.com/maps/search/?api=1&query=Kemek%20Nyok%2C%20Jakarta
"Kenduricoffee, Patal Senayan",Kopi/Jajanan,20000,Menengah,10000,85000,"Kenduricoffee, Patal Senayan, Jakarta",-6.2187352,106.7938029,https://www.google.com/maps/search/?api=1&query=Kenduricoffee%2C%20Patal%20Senayan%2C%20Jakarta
Khasanah Sari Citayam,Jajanan/Roti,7200,Murah,6000,275000,"Khasanah Sari Citayam, Jakarta",-6.4515631,106.7991061,https://www.google.com/maps/search/?api=1&query=Khasanah%20Sari%20Citayam%2C%20Jakarta
Khasanah Sari Citayam,Roti/Jajanan,7200,Murah,6000,275000,"Khasanah Sari Citayam, Jakarta",-6.4515631,106.7991061,https://www.google.com/maps/search/?api=1&query=Khasanah%20Sari%20Citayam%2C%20Jakarta
"Kibo Cheese, Cibubur",Sweets,69900,Mahal,24000,289000,"Kibo Cheese, Cibubur, Jakarta",-6.393197,106.9334971,https://www.google.com/maps/search/?api=1&query=Kibo%20Cheese%2C%20Cibubur%2C%20Jakarta
"Kims Topokki, Bintara",Korea,20000,Menengah,15000,35500,"Kims Topokki, Bintara, Jakarta",-6.2257275,106.9565206,https://www.google.com/maps/search/?api=1&query=Kims%20Topokki%2C%20Bintara%2C%20Jakarta
"Klenger Burger, Benhil",Barat,17160,Murah,3960,138600,"Klenger Burger, Benhil, Jakarta",-6.21427,106.8117595,https://www.google.com/maps/search/?api=1&query=Klenger%20Burger%2C%20Benhil%2C%20Jakarta
"Kopi Chuseyo, Sukasari",Kopi,25000,Menengah,5000,100000,"Kopi Chuseyo, Sukasari, Jakarta",-6.1840316,106.6342271,https://www.google.com/maps/search/?api=1&query=Kopi%20Chuseyo%2C%20Sukasari%2C%20Jakarta
"Kopi Dari Hati, Jatibening",Jajanan/Kopi/Minuman,23000,Menengah,16000,80000,"Kopi Dari Hati, Jatibening, Jakarta",-6.2720013,106.9547419,https://www.google.com/maps/search/?api=1&query=Kopi%20Dari%20Hati%2C%20Jatibening%2C%20Jakarta
Kopi Kebun Bintaro,Kopi/Roti,28000,Menengah,11000,85000,"Kopi Kebun Bintaro, Jakarta",-6.2987754,106.7218031,https://www.google.com/maps/search/?api=1&query=Kopi%20Kebun%20Bintaro%2C%20Jakarta
Kopi Nako Ciracas,Aneka nasi/Kopi/Minuman,29000,Menengah,10000,105000,"Kopi Nako Ciracas, Jakarta",-6.3259654,106.8830764,https://www.google.com/maps/search/?api=1&query=Kopi%20Nako%20Ciracas%2C%20Jakarta
"Koteshu, Sukahati",Cepat saji/Kopi/Minuman,23000,Menengah,2000,38000,"Koteshu, Sukahati, Jakarta",-6.487499,106.8168393,https://www.google.com/maps/search/?api=1&query=Koteshu%2C%20Sukahati%2C%20Jakarta
LEPAS KOPI,Aneka nasi/Jajanan/Kopi,23000,Menengah,15000,30000,"LEPAS KOPI, Jakarta",-6.1944491,106.8229198,https://www.google.com/maps/search/?api=1&query=LEPAS%20KOPI%2C%20Jakarta
"Lawless Burgerbar, PIK",Barat,30500,Mahal,13000,189300,"Lawless Burgerbar, PIK, Jakarta",-6.0876293,106.7420402,https://www.google.com/maps/search/?api=1&query=Lawless%20Burgerbar%2C%20PIK%2C%20Jakarta
"Lawless, Capsule Cibubur",Barat,31800,Mahal,13000,189300,"Lawless, Capsule Cibubur, Jakarta",-6.3701161,106.9568331,https://www.google.com/maps/search/?api=1&query=Lawless%2C%20Capsule%20Cibubur%2C%20Jakarta
"Lawson, Akses UI",Jajanan/Aneka nasi/Minuman/Jepang,18000,Murah,800,109000,"Lawson, Akses UI, Jakarta",-6.3546583,106.8412607,https://www.google.com/maps/search/?api=1&query=Lawson%2C%20Akses%20UI%2C%20Jakarta
"Lawson, Cempaka Mas",Aneka nasi/Minuman/Jepang/Jajanan,18000,Murah,800,109000,"Lawson, Cempaka Mas, Jakarta",-6.1653041,106.8757131,https://www.google.com/maps/search/?api=1&query=Lawson%2C%20Cempaka%20Mas%2C%20Jakarta
"Lawson, Cempaka Mas",Jepang/Jajanan/Aneka nasi/Minuman,18000,Murah,800,109000,"Lawson, Cempaka Mas, Jakarta",-6.1653041,106.8757131,https://www.google.com/maps/search/?api=1&query=Lawson%2C%20Cempaka%20Mas%2C%20Jakarta
"Lawson, Cipete Raya",Minuman/Jepang/Jajanan/Aneka nasi,9000,Murah,800,109000,"Lawson, Cipete Raya, Jakarta",-6.2777971,106.8007407,https://www.google.com/maps/search/?api=1&query=Lawson%2C%20Cipete%20Raya%2C%20Jakarta
"Lawson, Kemang Raya",Jepang/Jajanan/Aneka nasi/Minuman,18000,Murah,800,109000,"Lawson, Kemang Raya, Jakarta",-6.2636232,106.8160465,https://www.google.com/maps/search/?api=1&query=Lawson%2C%20Kemang%20Raya%2C%20Jakarta
"Lawson, Percetakan Negara",Jepang/Jajanan/Aneka nasi/Minuman,18000,Murah,800,109000,"Lawson, Percetakan Negara, Jakarta",-6.190326,106.8585697,https://www.google.com/maps/search/?api=1&query=Lawson%2C%20Percetakan%20Negara%2C%20Jakarta
"Lawson, Sunter Kirana",Jajanan/Aneka nasi/Minuman/Jepang,18000,Murah,800,109000,"Lawson, Sunter Kirana, Jakarta",-6.1565903,106.8789302,https://www.google.com/maps/search/?api=1&query=Lawson%2C%20Sunter%20Kirana%2C%20Jakarta
"Lawson, Syahdan",Minuman/Jepang/Jajanan/Aneka nasi,18000,Murah,800,109000,"Lawson, Syahdan, Jakarta",-6.2006173,106.7848684,https://www.google.com/maps/search/?api=1&query=Lawson%2C%20Syahdan%2C%20Jakarta
"Lawson, UIN Kertamukti",Aneka nasi/Minuman/Jepang/Jajanan,18000,Murah,800,109000,"Lawson, UIN Kertamukti, Jakarta",-6.3084622,106.7589495,https://www.google.com/maps/search/?api=1&query=Lawson%2C%20UIN%20Kertamukti%2C%20Jakarta
"Longpan Pizza, Tugu",Pizza & pasta/Cepat saji,30000,Menengah,6000,256000,"Longpan Pizza, Tugu, Jakarta",-6.3542844,106.8390745,https://www.google.com/maps/search/?api=1&query=Longpan%20Pizza%2C%20Tugu%2C%20Jakarta
"MAB Toppoki, Jengki",Jepang/Jajanan,15500,Murah,5000,43000,"MAB Toppoki, Jengki, Jakarta",-6.2629483,106.8790659,https://www.google.com/maps/search/?api=1&query=MAB%20Toppoki%2C%20Jengki%2C%20Jakarta
MAISON BUTTER,Sweets/Jajanan/Roti,7000,Murah,5000,87500,"MAISON BUTTER, Jakarta",-6.2901918,106.800275,https://www.google.com/maps/search/?api=1&query=MAISON%20BUTTER%2C%20Jakarta
MIXUE CIKARANG,Minuman/Jajanan/Sweets,18000,Murah,12000,24000,"MIXUE CIKARANG, Jakarta",-6.1944491,106.8229198,https://www.google.com/maps/search/?api=1&query=MIXUE%20CIKARANG%2C%20Jakarta
"Mad Bagel, BSD",Barat/Roti,30250,Mahal,24750,242000,"Mad Bagel, BSD, Jakarta",-6.3046874,106.6826951,https://www.google.com/maps/search/?api=1&query=Mad%20Bagel%2C%20BSD%2C%20Jakarta
Makema Coffee,Kopi,15000,Murah,13500,35000,"Makema Coffee, Jakarta",-6.2249359,106.7204081,https://www.google.com/maps/search/?api=1&query=Makema%20Coffee%2C%20Jakarta
"Markobar, Duren Sawit",Martabak,95000,Mahal,35000,95000,"Markobar, Duren Sawit, Jakarta",-6.232686,106.8960499,https://www.google.com/maps/search/?api=1&query=Markobar%2C%20Duren%20Sawit%2C%20Jakarta
Martabak Acc,Martabak/Roti/Sweets,42500,Mahal,38000,55000,"Martabak Acc, Jakarta",-6.2188795,106.8198575,https://www.google.com/maps/search/?api=1&query=Martabak%20Acc%2C%20Jakarta
"Martabak Djuara, Cawang",Martabak,70950,Mahal,36300,197450,"Martabak Djuara, Cawang, Jakarta",-6.2488244,106.8661738,https://www.google.com/maps/search/?api=1&query=Martabak%20Djuara%2C%20Cawang%2C%20Jakarta
"Maza Gelato, Bintaro",Sweets,75000,Mahal,18000,530000,"Maza Gelato, Bintaro, Jakarta",-6.2742428,106.7060677,https://www.google.com/maps/search/?api=1&query=Maza%20Gelato%2C%20Bintaro%2C%20Jakarta
"McDonald's, Jatiwarna",Cepat saji/Sweets/Jajanan,18000,Murah,5000,161000,"McDonald's, Jatiwarna, Jakarta",-6.3113401,106.9241296,https://www.google.com/maps/search/?api=1&query=McDonald%27s%2C%20Jatiwarna%2C%20Jakarta
"McDonald's, Panjang",Cepat saji/Sweets/Jajanan,18000,Murah,5000,161000,"McDonald's, Panjang, Jakarta",-6.1821541,106.7671901,https://www.google.com/maps/search/?api=1&query=McDonald%27s%2C%20Panjang%2C%20Jakarta
"McDonald's, Panjang",Sweets/Jajanan/Cepat saji,18000,Murah,5000,161000,"McDonald's, Panjang, Jakarta",-6.1821541,106.7671901,https://www.google.com/maps/search/?api=1&query=McDonald%27s%2C%20Panjang%2C%20Jakarta
"McDonald's, Pekayon",Cepat saji/Sweets/Jajanan,18000,Murah,5000,161000,"McDonald's, Pekayon, Jakarta",-6.3464395,106.8620891,https://www.google.com/maps/search/?api=1&query=McDonald%27s%2C%20Pekayon%2C%20Jakarta
"McDonald's, Tambak",Cepat saji/Sweets/Jajanan,18000,Murah,5000,161000,"McDonald's, Tambak, Jakarta",-6.2040053,106.8494818,https://www.google.com/maps/search/?api=1&query=McDonald%27s%2C%20Tambak%2C%20Jakarta
"Menantea, Epicentrum Walk",Jajanan/Minuman,34900,Mahal,19000,98700,"Menantea, Epicentrum Walk, Jakarta",-6.2164506,106.8352432,https://www.google.com/maps/search/?api=1&query=Menantea%2C%20Epicentrum%20Walk%2C%20Jakarta
"Menantea, Jatiwaringin",Minuman,34900,Mahal,19000,98700,"Menantea, Jatiwaringin, Jakarta",-6.2548518,106.9095611,https://www.google.com/maps/search/?api=1&query=Menantea%2C%20Jatiwaringin%2C%20Jakarta
"Menantea, Pamulang Tangerang",Minuman/Sweets/Jajanan,34900,Mahal,19000,98700,"Menantea, Pamulang Tangerang, Jakarta",-6.3434593,106.734355,https://www.google.com/maps/search/?api=1&query=Menantea%2C%20Pamulang%20Tangerang%2C%20Jakarta
"Menantea, Panglima Polim",Jajanan/Minuman,34900,Mahal,19000,98700,"Menantea, Panglima Polim, Jakarta",-6.2498725,106.7982256,https://www.google.com/maps/search/?api=1&query=Menantea%2C%20Panglima%20Polim%2C%20Jakarta
"Menantea, Pemda Cibinong",Minuman,34900,Mahal,19000,98700,"Menantea, Pemda Cibinong, Jakarta",-6.4844093,106.8171398,https://www.google.com/maps/search/?api=1&query=Menantea%2C%20Pemda%20Cibinong%2C%20Jakarta
"Menantea, Tangcity",Minuman/Jajanan,34900,Mahal,19000,98700,"Menantea, Tangcity, Jakarta",-6.1939973,106.6340133,https://www.google.com/maps/search/?api=1&query=Menantea%2C%20Tangcity%2C%20Jakarta
"Menantea, Tanjung Duren",Jajanan/Minuman,34900,Mahal,19000,98700,"Menantea, Tanjung Duren, Jakarta",-6.1792621,106.7838175,https://www.google.com/maps/search/?api=1&query=Menantea%2C%20Tanjung%20Duren%2C%20Jakarta
"Michelle Bakery, Cimanggis",Roti,34000,Mahal,5000,160000,"Michelle Bakery, Cimanggis, Jakarta",-6.3763868,106.8999915,https://www.google.com/maps/search/?api=1&query=Michelle%20Bakery%2C%20Cimanggis%2C%20Jakarta
Mie Aceh Abunawas ,Minuman/Aneka nasi/Bakmie,15000,Murah,5000,70000,"Mie Aceh Abunawas , Jakarta",-6.3869974,106.8522739,https://www.google.com/maps/search/?api=1&query=Mie%20Aceh%20Abunawas%20%2C%20Jakarta
Mie Ayam Jiddah,Bakmie,12000,Murah,6000,32000,"Mie Ayam Jiddah, Jakarta",-6.2392063,107.0002882,https://www.google.com/maps/search/?api=1&query=Mie%20Ayam%20Jiddah%2C%20Jakarta
"Mie Djoedes, Mojosari",Aneka nasi,19000,Menengah,5500,22000,"Mie Djoedes, Mojosari, Jakarta",-6.1944491,106.8229198,https://www.google.com/maps/search/?api=1&query=Mie%20Djoedes%2C%20Mojosari%2C%20Jakarta
Mixue Summarecon Serpong,Minuman,18000,Murah,12000,51000,"Mixue Summarecon Serpong, Jakarta",-6.247452,106.622032,https://www.google.com/maps/search/?api=1&query=Mixue%20Summarecon%20Serpong%2C%20Jakarta
"Mixue, Benhil",Minuman/Sweets,18000,Murah,12000,51000,"Mixue, Benhil, Jakarta",-6.2074254,106.8105425,https://www.google.com/maps/search/?api=1&query=Mixue%2C%20Benhil%2C%20Jakarta
"Mixue, Harapan Indah",Minuman/Jajanan,18000,Murah,12000,24000,"Mixue, Harapan Indah, Jakarta",-6.1865936,106.9796189,https://www.google.com/maps/search/?api=1&query=Mixue%2C%20Harapan%20Indah%2C%20Jakarta
Moeda Coffee,Kopi/Minuman/Sweets,28000,Menengah,25000,30000,"Moeda Coffee, Jakarta",-6.2607813,106.9874997,https://www.google.com/maps/search/?api=1&query=Moeda%20Coffee%2C%20Jakarta
"Moida , Gramapuri Persada",Ayam & bebek/Aneka nasi/Korea,12000,Murah,6000,36000,"Moida , Gramapuri Persada, Jakarta",-6.2653592,106.8324004,https://www.google.com/maps/search/?api=1&query=Moida%20%2C%20Gramapuri%20Persada%2C%20Jakarta
"Mokat, Megamendung",Minuman,22000,Menengah,20000,23000,"Mokat, Megamendung, Jakarta",-6.1944491,106.8229198,https://www.google.com/maps/search/?api=1&query=Mokat%2C%20Megamendung%2C%20Jakarta
"Mujigae, Aren Jaya",Korea,24000,Menengah,1,149000,"Mujigae, Aren Jaya, Jakarta",-6.2434913,107.0377629,https://www.google.com/maps/search/?api=1&query=Mujigae%2C%20Aren%20Jaya%2C%20Jakarta
"Murabae Bento, Palmerah",Aneka nasi/Cepat saji/Jepang,22500,Menengah,8000,250000,"Murabae Bento, Palmerah, Jakarta",-6.2005215,106.7866254,https://www.google.com/maps/search/?api=1&query=Murabae%20Bento%2C%20Palmerah%2C%20Jakarta
"Niat NGOPI, Kalimalang",Minuman/Kopi,30000,Menengah,25000,63000,"Niat NGOPI, Kalimalang, Jakarta",-6.2474181,106.9225259,https://www.google.com/maps/search/?api=1&query=Niat%20NGOPI%2C%20Kalimalang%2C%20Jakarta
Oguri Artisanal Cafe,Roti/Jepang/Kopi,151250,Mahal,15000,528750,"Oguri Artisanal Cafe, Jakarta",-6.0951566,106.743134,https://www.google.com/maps/search/?api=1&query=Oguri%20Artisanal%20Cafe%2C%20Jakarta
Ottoke Kape,Korea,54000,Mahal,25000,98000,"Ottoke Kape, Jakarta",-6.2776372,106.9896568,https://www.google.com/maps/search/?api=1&query=Ottoke%20Kape%2C%20Jakarta
Pancong Lumer,Cepat saji/Jajanan/Roti,14000,Murah,6000,30000,"Pancong Lumer, Jakarta",-7.4023889,109.2496443,https://www.google.com/maps/search/?api=1&query=Pancong%20Lumer%2C%20Jakarta
Pancong Pijay,Minuman/Roti/Kopi,14000,Murah,3000,31000,"Pancong Pijay, Jakarta",-6.1898747,106.7961292,https://www.google.com/maps/search/?api=1&query=Pancong%20Pijay%2C%20Jakarta
"Panties Pizza, Pamulang",Pizza & pasta,16000,Murah,5500,51000,"Panties Pizza, Pamulang, Jakarta",-6.343493,106.7340278,https://www.google.com/maps/search/?api=1&query=Panties%20Pizza%2C%20Pamulang%2C%20Jakarta
"Pentol Seafood Korea, Pengantin Ali",Cepat saji/Korea/Seafood,6000,Murah,2000,25000,"Pentol Seafood Korea, Pengantin Ali, Jakarta",-6.2774196,106.8760786,https://www.google.com/maps/search/?api=1&query=Pentol%20Seafood%20Korea%2C%20Pengantin%20Ali%2C%20Jakarta
Pita Cappucino Cincau,Cepat saji/Jajanan/Minuman,9000,Murah,2500,16000,"Pita Cappucino Cincau, Jakarta",-6.271808,106.9676703,https://www.google.com/maps/search/?api=1&query=Pita%20Cappucino%20Cincau%2C%20Jakarta
"Podomoro Bakso, Cibubur",Bakso & soto,14000,Murah,2000,60000,"Podomoro Bakso, Cibubur, Jakarta",-6.3515672,106.8832288,https://www.google.com/maps/search/?api=1&query=Podomoro%20Bakso%2C%20Cibubur%2C%20Jakarta
"Potato Potter, Pramuka",Jajanan,8000,Murah,2500,20000,"Potato Potter, Pramuka, Jakarta",-6.2699445,107.0037682,https://www.google.com/maps/search/?api=1&query=Potato%20Potter%2C%20Pramuka%2C%20Jakarta
"Raindrunks, Bogor Timur",Minuman,105000,Mahal,4000,105000,"Raindrunks, Bogor Timur, Jakarta",-6.1944491,106.8229198,https://www.google.com/maps/search/?api=1&query=Raindrunks%2C%20Bogor%20Timur%2C%20Jakarta
"Ramen Giant, Bogor",Aneka nasi/Jepang/Cepat saji,16800,Murah,3600,39400,"Ramen Giant, Bogor, Jakarta",-6.1944491,106.8229198,https://www.google.com/maps/search/?api=1&query=Ramen%20Giant%2C%20Bogor%2C%20Jakarta
"Ramen Giant, Bogor",Jepang/Cepat saji/Aneka nasi,16800,Murah,3600,39400,"Ramen Giant, Bogor, Jakarta",-6.1944491,106.8229198,https://www.google.com/maps/search/?api=1&query=Ramen%20Giant%2C%20Bogor%2C%20Jakarta
Resto Ayam Najeb,Ayam & bebek/Cepat saji/Sate,13000,Murah,4000,30000,"Resto Ayam Najeb, Jakarta",-6.1944491,106.8229198,https://www.google.com/maps/search/?api=1&query=Resto%20Ayam%20Najeb%2C%20Jakarta
"Restoran Sederhana, Ampera",Aneka nasi,19000,Menengah,8000,75000,"Restoran Sederhana, Ampera, Jakarta",-6.2797679,106.8196309,https://www.google.com/maps/search/?api=1&query=Restoran%20Sederhana%2C%20Ampera%2C%20Jakarta
"Restoran Sederhana, Caman",Aneka nasi,18000,Murah,5600,78400,"Restoran Sederhana, Caman, Jakarta",-6.25808,106.950181,https://www.google.com/maps/search/?api=1&query=Restoran%20Sederhana%2C%20Caman%2C%20Jakarta
"Restoran, Telaga Sindur",Ayam & bebek/Minuman/Seafood,16500,Murah,5000,110000,"Restoran, Telaga Sindur, Jakarta",-6.3775296,106.6872628,https://www.google.com/maps/search/?api=1&query=Restoran%2C%20Telaga%20Sindur%2C%20Jakarta
Rumah Pasta WiB,Pizza & pasta/Barat,30000,Menengah,16000,110000,"Rumah Pasta WiB, Jakarta",-6.3353923,106.897384,https://www.google.com/maps/search/?api=1&query=Rumah%20Pasta%20WiB%2C%20Jakarta
"SUMOYAKI, PADEMANGAN",Jajanan/Jepang/Martabak,38000,Mahal,16000,125000,"SUMOYAKI, PADEMANGAN, Jakarta",-6.1509982,106.8771616,https://www.google.com/maps/search/?api=1&query=SUMOYAKI%2C%20PADEMANGAN%2C%20Jakarta
SYMAXTY NINE COFFEE,Jajanan/Cepat saji/Minuman,24000,Menengah,20000,38000,"SYMAXTY NINE COFFEE, Jakarta",-6.1214019,106.7883377,https://www.google.com/maps/search/?api=1&query=SYMAXTY%20NINE%20COFFEE%2C%20Jakarta
SYMAXTY NINE COFFEE,Minuman/Jajanan/Cepat saji,24000,Menengah,20000,38000,"SYMAXTY NINE COFFEE, Jakarta",-6.1214019,106.7883377,https://www.google.com/maps/search/?api=1&query=SYMAXTY%20NINE%20COFFEE%2C%20Jakarta
Sate Rembiga Racaca,Sate,15000,Murah,7000,56500,"Sate Rembiga Racaca, Jakarta",-6.1606965,106.7903396,https://www.google.com/maps/search/?api=1&query=Sate%20Rembiga%20Racaca%2C%20Jakarta
"Seblak Nova, Cimanggis",Jajanan,2500,Murah,1250,100000,"Seblak Nova, Cimanggis, Jakarta",-6.3725203,106.8697353,https://www.google.com/maps/search/?api=1&query=Seblak%20Nova%2C%20Cimanggis%2C%20Jakarta
"Seblak, Cibinong",Jajanan/Minuman/Cepat saji,16000,Murah,6000,30000,"Seblak, Cibinong, Jakarta",-6.4827979,106.8569131,https://www.google.com/maps/search/?api=1&query=Seblak%2C%20Cibinong%2C%20Jakarta
Segilima Cafe,Kopi/Minuman/Roti,16000,Murah,11000,18000,"Segilima Cafe, Jakarta",-6.1944491,106.8229198,https://www.google.com/maps/search/?api=1&query=Segilima%20Cafe%2C%20Jakarta
Sei dalam Bambu,Kopi/Aneka nasi/Bakmie,28700,Menengah,4000,180000,"Sei dalam Bambu, Jakarta",-6.2258214,106.857396,https://www.google.com/maps/search/?api=1&query=Sei%20dalam%20Bambu%2C%20Jakarta
Seung Toppoki,Cepat saji/Korea,22000,Menengah,7000,36000,"Seung Toppoki, Jakarta",-6.1944491,106.8229198,https://www.google.com/maps/search/?api=1&query=Seung%20Toppoki%2C%20Jakarta
"Shabu Idasuki, Cikarang",Aneka nasi/Jepang/Minuman,20000,Menengah,10000,105000,"Shabu Idasuki, Cikarang, Jakarta",-6.1944491,106.8229198,https://www.google.com/maps/search/?api=1&query=Shabu%20Idasuki%2C%20Cikarang%2C%20Jakarta
Shihlin Ciputra Cibubur,Jajanan,34500,Mahal,9000,174000,"Shihlin Ciputra Cibubur, Jakarta",-6.3830428,106.9259995,https://www.google.com/maps/search/?api=1&query=Shihlin%20Ciputra%20Cibubur%2C%20Jakarta
"Slice Cake, Jagakarsa",Jajanan/Sweets,38000,Mahal,6000,257000,"Slice Cake, Jagakarsa, Jakarta",-6.3360601,106.8256645,https://www.google.com/maps/search/?api=1&query=Slice%20Cake%2C%20Jagakarsa%2C%20Jakarta
"Sliced Pizzeria, Bintaro",Pizza & pasta/Jajanan/Cepat saji,67000,Mahal,33000,340000,"Sliced Pizzeria, Bintaro, Jakarta",-6.2749,106.7006426,https://www.google.com/maps/search/?api=1&query=Sliced%20Pizzeria%2C%20Bintaro%2C%20Jakarta
"Sosis Bakar By Basis.Kuy, Intercon",Jajanan/Seafood,3100,Murah,3100,14000,"Sosis Bakar By Basis.Kuy, Intercon, Jakarta",-6.208925,106.7472421,https://www.google.com/maps/search/?api=1&query=Sosis%20Bakar%20By%20Basis.Kuy%2C%20Intercon%2C%20Jakarta
Sosis Bakar Gangan,Jajanan,3000,Murah,3000,32000,"Sosis Bakar Gangan, Jakarta",-6.137512,106.839569,https://www.google.com/maps/search/?api=1&query=Sosis%20Bakar%20Gangan%2C%20Jakarta
"Starbucks, Sudirman Bogor",Kopi/Roti/Minuman,40000,Mahal,17000,405000,"Starbucks, Sudirman Bogor, Jakarta",-6.1944491,106.8229198,https://www.google.com/maps/search/?api=1&query=Starbucks%2C%20Sudirman%20Bogor%2C%20Jakarta
"Starbucks, Sudirman Bogor",Roti/Minuman/Kopi,40000,Mahal,17000,405000,"Starbucks, Sudirman Bogor, Jakarta",-6.1944491,106.8229198,https://www.google.com/maps/search/?api=1&query=Starbucks%2C%20Sudirman%20Bogor%2C%20Jakarta
Steaky Steak Cikarang,Cepat saji,6500,Murah,4000,55000,"Steaky Steak Cikarang, Jakarta",-6.1944491,106.8229198,https://www.google.com/maps/search/?api=1&query=Steaky%20Steak%20Cikarang%2C%20Jakarta
Sunday Fat Bowl,Aneka nasi/Kopi/Seafood,22000,Menengah,5000,85000,"Sunday Fat Bowl, Jakarta",-6.2597439,106.792572,https://www.google.com/maps/search/?api=1&query=Sunday%20Fat%20Bowl%2C%20Jakarta
"Sushi Me, Slipi",Jajanan/Jepang,25000,Menengah,100,110000,"Sushi Me, Slipi, Jakarta",-6.1955456,106.7950949,https://www.google.com/maps/search/?api=1&query=Sushi%20Me%2C%20Slipi%2C%20Jakarta
"Takana Coffee, Rawamangun",Minuman/Roti/Kopi,18000,Murah,7000,26000,"Takana Coffee, Rawamangun, Jakarta",-6.1979045,106.8865761,https://www.google.com/maps/search/?api=1&query=Takana%20Coffee%2C%20Rawamangun%2C%20Jakarta
Tao Cafe,Jepang/Minuman/Aneka nasi,28000,Menengah,8000,53000,"Tao Cafe, Jakarta",-6.3434307,106.8578419,https://www.google.com/maps/search/?api=1&query=Tao%20Cafe%2C%20Jakarta
Tettakopi ,Kopi/Minuman/Sweets,20000,Menengah,15000,88000,"Tettakopi , Jakarta",-6.3227153,106.8212667,https://www.google.com/maps/search/?api=1&query=Tettakopi%20%2C%20Jakarta
Tettakopi ,Minuman/Sweets/Kopi,20000,Menengah,15000,88000,"Tettakopi , Jakarta",-6.3227153,106.8212667,https://www.google.com/maps/search/?api=1&query=Tettakopi%20%2C%20Jakarta
"The Acre, Menteng",Sweets/Kopi/Barat,66600,Mahal,18000,1149500,"The Acre, Menteng, Jakarta",-6.1985912,106.8282199,https://www.google.com/maps/search/?api=1&query=The%20Acre%2C%20Menteng%2C%20Jakarta
"The Garrison, Kemang",Barat,112200,Mahal,7920,1980000,"The Garrison, Kemang, Jakarta",-6.255645,106.814168,https://www.google.com/maps/search/?api=1&query=The%20Garrison%2C%20Kemang%2C%20Jakarta
Toko Kopi Bacarita,Jajanan/Kopi/Minuman,25000,Menengah,15000,39000,"Toko Kopi Bacarita, Jakarta",-6.3237771,106.8112697,https://www.google.com/maps/search/?api=1&query=Toko%20Kopi%20Bacarita%2C%20Jakarta
"Toko Pizza, Limo",Pizza & pasta,15000,Murah,8000,89000,"Toko Pizza, Limo, Jakarta",-6.1944491,106.8229198,https://www.google.com/maps/search/?api=1&query=Toko%20Pizza%2C%20Limo%2C%20Jakarta
Tokyo Town Cafe,Kopi/Minuman/Jepang,25000,Menengah,19000,95000,"Tokyo Town Cafe, Jakarta",-6.2547873,106.8078781,https://www.google.com/maps/search/?api=1&query=Tokyo%20Town%20Cafe%2C%20Jakarta
"Tomokofi, Cileungsi",Kopi/Minuman/Aneka nasi,19800,Menengah,9600,125000,"Tomokofi, Cileungsi, Jakarta",-6.4134543,106.9620999,https://www.google.com/maps/search/?api=1&query=Tomokofi%2C%20Cileungsi%2C%20Jakarta
"Traffic Bun, Benhil",Barat,36000,Mahal,6000,108000,"Traffic Bun, Benhil, Jakarta",-6.2147901,106.8145602,https://www.google.com/maps/search/?api=1&query=Traffic%20Bun%2C%20Benhil%2C%20Jakarta
"Traffic Bun, Buaran",Barat/Cepat saji,36000,Mahal,6000,108000,"Traffic Bun, Buaran, Jakarta",-6.2206652,106.9223279,https://www.google.com/maps/search/?api=1&query=Traffic%20Bun%2C%20Buaran%2C%20Jakarta
"Wahaha, Kelapa Gading",Barat,38000,Mahal,1000,318000,"Wahaha, Kelapa Gading, Jakarta",-6.1613087,106.9049822,https://www.google.com/maps/search/?api=1&query=Wahaha%2C%20Kelapa%20Gading%2C%20Jakarta
"Wanfan, Gunung Sahari",Aneka nasi/Ayam & bebek/Chinese,8000,Murah,5000,115000,"Wanfan, Gunung Sahari, Jakarta",-6.1516323,106.8355512,https://www.google.com/maps/search/?api=1&query=Wanfan%2C%20Gunung%20Sahari%2C%20Jakarta
Warung Babe,Aneka nasi,14000,Murah,8000,25000,"Warung Babe, Jakarta",-6.1944491,106.8229198,https://www.google.com/maps/search/?api=1&query=Warung%20Babe%2C%20Jakarta
"Warung Corndog, Sukaraja",Cepat saji/Korea/Jajanan,15000,Murah,11000,22000,"Warung Corndog, Sukaraja, Jakarta",-6.1944491,106.8229198,https://www.google.com/maps/search/?api=1&query=Warung%20Corndog%2C%20Sukaraja%2C%20Jakarta
Warung Jamet,Aneka nasi/Kopi/Ayam & bebek,19000,Menengah,5000,132000,"Warung Jamet, Jakarta",-6.3440635,106.800678,https://www.google.com/maps/search/?api=1&query=Warung%20Jamet%2C%20Jakarta
"XIBOBA, Bangbarung",Sweets,21000,Menengah,18000,36000,"XIBOBA, Bangbarung, Jakarta",-6.1944491,106.8229198,https://www.google.com/maps/search/?api=1&query=XIBOBA%2C%20Bangbarung%2C%20Jakarta
"XIBOBA, Ramayana Parung",Minuman,21000,Menengah,18000,36000,"XIBOBA, Ramayana Parung, Jakarta",-6.1269902,106.9168923,https://www.google.com/maps/search/?api=1&query=XIBOBA%2C%20Ramayana%20Parung%2C%20Jakarta
"XIBOBA, Summarecon Bekasi",Minuman/Kopi,21000,Menengah,18000,36000,"XIBOBA, Summarecon Bekasi, Jakarta",-6.22755,107.0037223,https://www.google.com/maps/search/?api=1&query=XIBOBA%2C%20Summarecon%20Bekasi%2C%20Jakarta
XO sushi Tebet ,Jepang/Seafood,36000,Mahal,4800,69600,"XO sushi Tebet , Jakarta",-6.2403199,106.8479153,https://www.google.com/maps/search/?api=1&query=XO%20sushi%20Tebet%20%2C%20Jakarta
"XXI Cafe, PGC",Minuman/Jajanan,45000,Mahal,25000,130000,"XXI Cafe, PGC, Jakarta",-6.2621281,106.8655637,https://www.google.com/maps/search/?api=1&query=XXI%20Cafe%2C%20PGC%2C%20Jakarta
"Xi Bo Ba, Ramayana Cileungsi",Minuman,21000,Menengah,18000,36000,"Xi Bo Ba, Ramayana Cileungsi, Jakarta",-6.4022718,106.9704941,https://www.google.com/maps/search/?api=1&query=Xi%20Bo%20Ba%2C%20Ramayana%20Cileungsi%2C%20Jakarta
"Ya'mbok, Jatimelati",Ayam & bebek,32000,Mahal,8000,69000,"Ya'mbok, Jatimelati, Jakarta",-6.3133828,106.9329091,https://www.google.com/maps/search/?api=1&query=Ya%27mbok%2C%20Jatimelati%2C%20Jakarta
"farm.girl, SCBD",Sweets/Kopi/Barat,36000,Mahal,12000,180000,"farm.girl, SCBD, Jakarta",-6.2304471,106.8111985,https://www.google.com/maps/search/?api=1&query=farm.girl%2C%20SCBD%2C%20Jakarta
have a treat,Kopi/Barat,36750,Mahal,27500,139650,"have a treat, Jakarta",-6.1743621,106.9566749,https://www.google.com/maps/search/?api=1&query=have%20a%20treat%2C%20Jakarta
martabak mapingkot,Martabak,34975,Mahal,15000,62999,"martabak mapingkot, Jakarta",-6.1944491,106.8229198,https://www.google.com/maps/search/?api=1&query=martabak%20mapingkot%2C%20Jakarta
